{"overrides":[{"predicate":{"custom_model_data":1},"model":"modelengine:abyssalwarden/torso"},{"predicate":{"custom_model_data":2},"model":"modelengine:abyssalwarden/left_leg_joint"},{"predicate":{"custom_model_data":3},"model":"modelengine:abyssalwarden/right_ribcage"},{"predicate":{"custom_model_data":4},"model":"modelengine:abyssalwarden/head"},{"predicate":{"custom_model_data":5},"model":"modelengine:abyssalwarden/right_tendril"},{"predicate":{"custom_model_data":6},"model":"modelengine:abyssalwarden/left_ribcage"},{"predicate":{"custom_model_data":7},"model":"modelengine:abyssalwarden/left_foot"},{"predicate":{"custom_model_data":8},"model":"modelengine:abyssalwarden/left_tendril"},{"predicate":{"custom_model_data":9},"model":"modelengine:abyssalwarden/left_thigh"},{"predicate":{"custom_model_data":10},"model":"modelengine:abyssalwarden/right_arm_joint"},{"predicate":{"custom_model_data":11},"model":"modelengine:abyssalwarden/right_arm_fin"},{"predicate":{"custom_model_data":12},"model":"modelengine:abyssalwarden/right_sho"},{"predicate":{"custom_model_data":13},"model":"modelengine:abyssalwarden/left_arm_fin"},{"predicate":{"custom_model_data":14},"model":"modelengine:abyssalwarden/left_sho"},{"predicate":{"custom_model_data":15},"model":"modelengine:abyssalwarden/left_arm_joint"},{"predicate":{"custom_model_data":16},"model":"modelengine:abyssalwarden/right_thigh"},{"predicate":{"custom_model_data":17},"model":"modelengine:abyssalwarden/right_foot"},{"predicate":{"custom_model_data":18},"model":"modelengine:abyssalwarden/right_leg_joint"}],"parent":"minecraft:item/generated","textures":{"layer0":"minecraft:item/leather_horse_armor"}}