{
	"credit": "Made with Blockbench",
	"texture_size": [32, 32],
	"textures": {
		"0": "qualityarmory:all/quantumpistol",
		"particle": "qualityarmory:all/quantumpistol"
	},
	"elements": [
		{
			"from": [7, 0, 10],
			"to": [9, 5, 13],
			"rotation": {"angle": -22.5, "axis": "x", "origin": [8, 2.5, 11]},
			"faces": {
				"north": {"uv": [6, 7, 7, 9.5], "texture": "#0"},
				"east": {"uv": [4, 0, 5.5, 2.5], "texture": "#0"},
				"south": {"uv": [7, 7, 8, 9.5], "texture": "#0"},
				"west": {"uv": [4, 2.5, 5.5, 5], "texture": "#0"},
				"up": {"uv": [5, 9.5, 4, 8], "texture": "#0"},
				"down": {"uv": [6, 8, 5, 9.5], "texture": "#0"}
			}
		},
		{
			"from": [7, 9, 0],
			"to": [9, 10, 11],
			"rotation": {"angle": 0, "axis": "x", "origin": [8, 8.5, 8]},
			"faces": {
				"north": {"uv": [4, 9.5, 5, 10], "texture": "#0"},
				"east": {"uv": [6, 6.5, 11.5, 7], "texture": "#0"},
				"south": {"uv": [5, 9.5, 6, 10], "texture": "#0"},
				"west": {"uv": [7, 5, 12.5, 5.5], "texture": "#0"},
				"up": {"uv": [1, 5.5, 0, 0], "texture": "#0"},
				"down": {"uv": [2, 0, 1, 5.5], "texture": "#0"}
			}
		},
		{
			"from": [7, 4, 0],
			"to": [9, 6, 7],
			"rotation": {"angle": 0, "axis": "x", "origin": [8, 3.5, 8]},
			"faces": {
				"north": {"uv": [7, 5.5, 8, 6.5], "texture": "#0"},
				"east": {"uv": [5.5, 0, 9, 1], "texture": "#0"},
				"south": {"uv": [8, 5.5, 9, 6.5], "texture": "#0"},
				"west": {"uv": [5.5, 1, 9, 2], "texture": "#0"},
				"up": {"uv": [1, 9, 0, 5.5], "texture": "#0"},
				"down": {"uv": [2, 5.5, 1, 9], "texture": "#0"}
			}
		},
		{
			"from": [7, 4, 10],
			"to": [9, 6, 12],
			"rotation": {"angle": 0, "axis": "x", "origin": [8, 3.5, 17]},
			"faces": {
				"north": {"uv": [9, 3, 10, 4], "texture": "#0"},
				"east": {"uv": [9, 4, 10, 5], "texture": "#0"},
				"south": {"uv": [9, 5.5, 10, 6.5], "texture": "#0"},
				"west": {"uv": [9, 7, 10, 8], "texture": "#0"},
				"up": {"uv": [10, 9, 9, 8], "texture": "#0"},
				"down": {"uv": [10, 9, 9, 10], "texture": "#0"}
			}
		},
		{
			"from": [7, 3, 7],
			"to": [9, 6, 10],
			"rotation": {"angle": 0, "axis": "x", "origin": [8, 2.5, 15]},
			"faces": {
				"north": {"uv": [8, 7, 9, 8.5], "texture": "#0"},
				"east": {"uv": [7.5, 2, 9, 3.5], "texture": "#0"},
				"south": {"uv": [8, 8.5, 9, 10], "texture": "#0"},
				"west": {"uv": [7.5, 3.5, 9, 5], "texture": "#0"},
				"up": {"uv": [1, 10.5, 0, 9], "texture": "#0"},
				"down": {"uv": [10, 0, 9, 1.5], "texture": "#0"}
			}
		},
		{
			"from": [6, 6, -1],
			"to": [10, 9, 4],
			"rotation": {"angle": 0, "axis": "x", "origin": [8, 4.5, 7]},
			"faces": {
				"north": {"uv": [5.5, 2, 7.5, 3.5], "texture": "#0"},
				"east": {"uv": [2, 5, 4.5, 6.5], "texture": "#0"},
				"south": {"uv": [5.5, 3.5, 7.5, 5], "texture": "#0"},
				"west": {"uv": [4.5, 5, 7, 6.5], "texture": "#0"},
				"up": {"uv": [4, 2.5, 2, 0], "texture": "#0"},
				"down": {"uv": [4, 2.5, 2, 5], "texture": "#0"}
			}
		},
		{
			"from": [7, 7, 6],
			"to": [9, 8, 7],
			"rotation": {"angle": 45, "axis": "x", "origin": [8, 7.5, 6.5]},
			"faces": {
				"north": {"uv": [6, 9.5, 7, 10], "texture": "#0"},
				"east": {"uv": [10, 2.5, 10.5, 3], "texture": "#0"},
				"south": {"uv": [7, 9.5, 8, 10], "texture": "#0"},
				"west": {"uv": [3, 10, 3.5, 10.5], "texture": "#0"},
				"up": {"uv": [11, 0.5, 10, 0], "texture": "#0"},
				"down": {"uv": [11, 0.5, 10, 1], "texture": "#0"}
			}
		},
		{
			"from": [7, 6, 9],
			"to": [9, 9, 13],
			"rotation": {"angle": 0, "axis": "x", "origin": [8, 4.5, 16]},
			"faces": {
				"north": {"uv": [1, 9, 2, 10.5], "texture": "#0"},
				"east": {"uv": [2, 6.5, 4, 8], "texture": "#0"},
				"south": {"uv": [9, 1.5, 10, 3], "texture": "#0"},
				"west": {"uv": [4, 6.5, 6, 8], "texture": "#0"},
				"up": {"uv": [3, 10, 2, 8], "texture": "#0"},
				"down": {"uv": [4, 8, 3, 10], "texture": "#0"}
			}
		},
		{
			"from": [7, 10, 10],
			"to": [9, 11, 11],
			"rotation": {"angle": 0, "axis": "x", "origin": [8, 8.5, 16]},
			"faces": {
				"north": {"uv": [10, 1, 11, 1.5], "texture": "#0"},
				"east": {"uv": [10, 3, 10.5, 3.5], "texture": "#0"},
				"south": {"uv": [10, 1.5, 11, 2], "texture": "#0"},
				"west": {"uv": [3.5, 10, 4, 10.5], "texture": "#0"},
				"up": {"uv": [3, 10.5, 2, 10], "texture": "#0"},
				"down": {"uv": [11, 2, 10, 2.5], "texture": "#0"}
			}
		}
	],
	"display": {
		"thirdperson_righthand": {
			"translation": [0, 3.75, 0]
		},
		"thirdperson_lefthand": {
			"translation": [0, 3.75, 0]
		},
		"firstperson_righthand": {
			"translation": [0, 3.75, 0]
		},
		"firstperson_lefthand": {
			"translation": [0, 3.75, 0]
		},
		"ground": {
			"translation": [0, 7, 0]
		},
		"gui": {
			"rotation": [95.59, 54.18, -113.8],
			"translation": [2.25, 1.75, 0]
		},
		"head": {
			"translation": [0, 10.25, 0]
		}
	},
	"groups": [
		{
			"name": "body",
			"origin": [8, 8, 8],
			"color": 0,
			"children": [0, 1, 2, 3, 4, 5, 6, 7, 8]
		}
	]
}