{
	"credit": "Made with Blockbench",
	"texture_size": [32, 32],
	"textures": {
		"0": "drk:item/nocturneribcage",
		"particle": "drk:item/nocturneribcage"
	},
	"elements": [
		{
			"from": [5, 0, 5],
			"to": [11, 3, 11],
			"rotation": {"angle": 0, "axis": "y", "origin": [7, 0, 7]},
			"faces": {
				"north": {"uv": [3, 0, 6, 1.5], "texture": "#0"},
				"east": {"uv": [3, 1.5, 6, 3], "texture": "#0"},
				"south": {"uv": [3, 3, 6, 4.5], "texture": "#0"},
				"west": {"uv": [3, 4.5, 6, 6], "texture": "#0"},
				"up": {"uv": [3, 3, 0, 0], "texture": "#0"},
				"down": {"uv": [3, 3, 0, 6], "texture": "#0"}
			}
		},
		{
			"from": [4, 0, 8],
			"to": [5, 1, 9],
			"rotation": {"angle": 0, "axis": "y", "origin": [0, 0, 7]},
			"faces": {
				"north": {"uv": [8.5, 9, 9, 9.5], "texture": "#0"},
				"east": {"uv": [9, 9, 9.5, 9.5], "texture": "#0"},
				"south": {"uv": [0, 9.5, 0.5, 10], "texture": "#0"},
				"west": {"uv": [0.5, 9.5, 1, 10], "texture": "#0"},
				"up": {"uv": [1.5, 10, 1, 9.5], "texture": "#0"},
				"down": {"uv": [2, 9.5, 1.5, 10], "texture": "#0"}
			}
		},
		{
			"from": [11, 0, 8],
			"to": [12, 1, 9],
			"rotation": {"angle": 0, "axis": "y", "origin": [7, 0, 7]},
			"faces": {
				"north": {"uv": [9.5, 1.5, 10, 2], "texture": "#0"},
				"east": {"uv": [2, 9.5, 2.5, 10], "texture": "#0"},
				"south": {"uv": [9.5, 2, 10, 2.5], "texture": "#0"},
				"west": {"uv": [2.5, 9.5, 3, 10], "texture": "#0"},
				"up": {"uv": [10, 3, 9.5, 2.5], "texture": "#0"},
				"down": {"uv": [3.5, 9.5, 3, 10], "texture": "#0"}
			}
		},
		{
			"from": [3, 0, 6],
			"to": [4, 1, 9],
			"rotation": {"angle": 0, "axis": "y", "origin": [-1, 0, 7]},
			"faces": {
				"north": {"uv": [9.5, 3, 10, 3.5], "texture": "#0"},
				"east": {"uv": [1.5, 6, 3, 6.5], "texture": "#0"},
				"south": {"uv": [3.5, 9.5, 4, 10], "texture": "#0"},
				"west": {"uv": [6, 1.5, 7.5, 2], "texture": "#0"},
				"up": {"uv": [6.5, 3.5, 6, 2], "texture": "#0"},
				"down": {"uv": [3.5, 6, 3, 7.5], "texture": "#0"}
			}
		},
		{
			"from": [12, 0, 6],
			"to": [13, 1, 9],
			"rotation": {"angle": 0, "axis": "y", "origin": [8, 0, 7]},
			"faces": {
				"north": {"uv": [9.5, 3.5, 10, 4], "texture": "#0"},
				"east": {"uv": [3.5, 6, 5, 6.5], "texture": "#0"},
				"south": {"uv": [4, 9.5, 4.5, 10], "texture": "#0"},
				"west": {"uv": [6, 3.5, 7.5, 4], "texture": "#0"},
				"up": {"uv": [6.5, 5.5, 6, 4], "texture": "#0"},
				"down": {"uv": [5.5, 6, 5, 7.5], "texture": "#0"}
			}
		},
		{
			"from": [4, 2, 5],
			"to": [5, 3, 6],
			"rotation": {"angle": 0, "axis": "y", "origin": [4, 1, 6]},
			"faces": {
				"north": {"uv": [9.5, 4, 10, 4.5], "texture": "#0"},
				"east": {"uv": [4.5, 9.5, 5, 10], "texture": "#0"},
				"south": {"uv": [9.5, 4.5, 10, 5], "texture": "#0"},
				"west": {"uv": [5, 9.5, 5.5, 10], "texture": "#0"},
				"up": {"uv": [10, 5.5, 9.5, 5], "texture": "#0"},
				"down": {"uv": [6, 9.5, 5.5, 10], "texture": "#0"}
			}
		},
		{
			"from": [4, 2, 7],
			"to": [5, 3, 8],
			"rotation": {"angle": 0, "axis": "y", "origin": [4, 1, 8]},
			"faces": {
				"north": {"uv": [9.5, 5.5, 10, 6], "texture": "#0"},
				"east": {"uv": [6, 9.5, 6.5, 10], "texture": "#0"},
				"south": {"uv": [9.5, 6, 10, 6.5], "texture": "#0"},
				"west": {"uv": [6.5, 9.5, 7, 10], "texture": "#0"},
				"up": {"uv": [10, 7, 9.5, 6.5], "texture": "#0"},
				"down": {"uv": [7.5, 9.5, 7, 10], "texture": "#0"}
			}
		},
		{
			"from": [4, 2, 8],
			"to": [5, 3, 9],
			"rotation": {"angle": 0, "axis": "y", "origin": [4, 1, 9]},
			"faces": {
				"north": {"uv": [9.5, 7, 10, 7.5], "texture": "#0"},
				"east": {"uv": [7.5, 9.5, 8, 10], "texture": "#0"},
				"south": {"uv": [9.5, 7.5, 10, 8], "texture": "#0"},
				"west": {"uv": [8, 9.5, 8.5, 10], "texture": "#0"},
				"up": {"uv": [10, 8.5, 9.5, 8], "texture": "#0"},
				"down": {"uv": [9, 9.5, 8.5, 10], "texture": "#0"}
			}
		},
		{
			"from": [4, 2, 10],
			"to": [5, 3, 11],
			"rotation": {"angle": 0, "axis": "y", "origin": [4, 1, 11]},
			"faces": {
				"north": {"uv": [9.5, 8.5, 10, 9], "texture": "#0"},
				"east": {"uv": [9, 9.5, 9.5, 10], "texture": "#0"},
				"south": {"uv": [9.5, 9, 10, 9.5], "texture": "#0"},
				"west": {"uv": [9.5, 9.5, 10, 10], "texture": "#0"},
				"up": {"uv": [0.5, 10.5, 0, 10], "texture": "#0"},
				"down": {"uv": [10.5, 0, 10, 0.5], "texture": "#0"}
			}
		},
		{
			"from": [11, 2, 10],
			"to": [12, 3, 11],
			"rotation": {"angle": 0, "axis": "y", "origin": [11, 1, 11]},
			"faces": {
				"north": {"uv": [0.5, 10, 1, 10.5], "texture": "#0"},
				"east": {"uv": [10, 0.5, 10.5, 1], "texture": "#0"},
				"south": {"uv": [1, 10, 1.5, 10.5], "texture": "#0"},
				"west": {"uv": [10, 1, 10.5, 1.5], "texture": "#0"},
				"up": {"uv": [2, 10.5, 1.5, 10], "texture": "#0"},
				"down": {"uv": [10.5, 1.5, 10, 2], "texture": "#0"}
			}
		},
		{
			"from": [11, 2, 8],
			"to": [12, 3, 9],
			"rotation": {"angle": 0, "axis": "y", "origin": [11, 1, 9]},
			"faces": {
				"north": {"uv": [2, 10, 2.5, 10.5], "texture": "#0"},
				"east": {"uv": [10, 2, 10.5, 2.5], "texture": "#0"},
				"south": {"uv": [2.5, 10, 3, 10.5], "texture": "#0"},
				"west": {"uv": [10, 2.5, 10.5, 3], "texture": "#0"},
				"up": {"uv": [3.5, 10.5, 3, 10], "texture": "#0"},
				"down": {"uv": [10.5, 3, 10, 3.5], "texture": "#0"}
			}
		},
		{
			"from": [11, 2, 7],
			"to": [12, 3, 8],
			"rotation": {"angle": 0, "axis": "y", "origin": [11, 1, 8]},
			"faces": {
				"north": {"uv": [3.5, 10, 4, 10.5], "texture": "#0"},
				"east": {"uv": [10, 3.5, 10.5, 4], "texture": "#0"},
				"south": {"uv": [4, 10, 4.5, 10.5], "texture": "#0"},
				"west": {"uv": [10, 4, 10.5, 4.5], "texture": "#0"},
				"up": {"uv": [5, 10.5, 4.5, 10], "texture": "#0"},
				"down": {"uv": [10.5, 4.5, 10, 5], "texture": "#0"}
			}
		},
		{
			"from": [11, 2, 5],
			"to": [12, 3, 6],
			"rotation": {"angle": 0, "axis": "y", "origin": [11, 1, 6]},
			"faces": {
				"north": {"uv": [5, 10, 5.5, 10.5], "texture": "#0"},
				"east": {"uv": [10, 5, 10.5, 5.5], "texture": "#0"},
				"south": {"uv": [5.5, 10, 6, 10.5], "texture": "#0"},
				"west": {"uv": [10, 5.5, 10.5, 6], "texture": "#0"},
				"up": {"uv": [6.5, 10.5, 6, 10], "texture": "#0"},
				"down": {"uv": [10.5, 6, 10, 6.5], "texture": "#0"}
			}
		},
		{
			"from": [12, 2, 5],
			"to": [13, 5, 6],
			"rotation": {"angle": 0, "axis": "y", "origin": [12, 1, 6]},
			"faces": {
				"north": {"uv": [5.5, 6, 6, 7.5], "texture": "#0"},
				"east": {"uv": [6, 5.5, 6.5, 7], "texture": "#0"},
				"south": {"uv": [0, 6.5, 0.5, 8], "texture": "#0"},
				"west": {"uv": [0.5, 6.5, 1, 8], "texture": "#0"},
				"up": {"uv": [7, 10.5, 6.5, 10], "texture": "#0"},
				"down": {"uv": [10.5, 6.5, 10, 7], "texture": "#0"}
			}
		},
		{
			"from": [12, 2, 7],
			"to": [13, 5, 8],
			"rotation": {"angle": 0, "axis": "y", "origin": [12, 1, 8]},
			"faces": {
				"north": {"uv": [1, 6.5, 1.5, 8], "texture": "#0"},
				"east": {"uv": [1.5, 6.5, 2, 8], "texture": "#0"},
				"south": {"uv": [2, 6.5, 2.5, 8], "texture": "#0"},
				"west": {"uv": [6.5, 2, 7, 3.5], "texture": "#0"},
				"up": {"uv": [7.5, 10.5, 7, 10], "texture": "#0"},
				"down": {"uv": [10.5, 7, 10, 7.5], "texture": "#0"}
			}
		},
		{
			"from": [12, 2, 8],
			"to": [13, 5, 9],
			"rotation": {"angle": 0, "axis": "y", "origin": [12, 1, 9]},
			"faces": {
				"north": {"uv": [2.5, 6.5, 3, 8], "texture": "#0"},
				"east": {"uv": [3.5, 6.5, 4, 8], "texture": "#0"},
				"south": {"uv": [4, 6.5, 4.5, 8], "texture": "#0"},
				"west": {"uv": [6.5, 4, 7, 5.5], "texture": "#0"},
				"up": {"uv": [8, 10.5, 7.5, 10], "texture": "#0"},
				"down": {"uv": [10.5, 7.5, 10, 8], "texture": "#0"}
			}
		},
		{
			"from": [12, 2, 10],
			"to": [13, 5, 11],
			"rotation": {"angle": 0, "axis": "y", "origin": [12, 1, 11]},
			"faces": {
				"north": {"uv": [4.5, 6.5, 5, 8], "texture": "#0"},
				"east": {"uv": [6.5, 5.5, 7, 7], "texture": "#0"},
				"south": {"uv": [7, 2, 7.5, 3.5], "texture": "#0"},
				"west": {"uv": [7, 4, 7.5, 5.5], "texture": "#0"},
				"up": {"uv": [8.5, 10.5, 8, 10], "texture": "#0"},
				"down": {"uv": [10.5, 8, 10, 8.5], "texture": "#0"}
			}
		},
		{
			"from": [3, 2, 10],
			"to": [4, 5, 11],
			"rotation": {"angle": 0, "axis": "y", "origin": [3, 1, 11]},
			"faces": {
				"north": {"uv": [7, 5.5, 7.5, 7], "texture": "#0"},
				"east": {"uv": [6, 7, 6.5, 8.5], "texture": "#0"},
				"south": {"uv": [6.5, 7, 7, 8.5], "texture": "#0"},
				"west": {"uv": [7, 7, 7.5, 8.5], "texture": "#0"},
				"up": {"uv": [9, 10.5, 8.5, 10], "texture": "#0"},
				"down": {"uv": [10.5, 8.5, 10, 9], "texture": "#0"}
			}
		},
		{
			"from": [3, 2, 5],
			"to": [4, 5, 6],
			"rotation": {"angle": 0, "axis": "y", "origin": [3, 1, 6]},
			"faces": {
				"north": {"uv": [7.5, 0, 8, 1.5], "texture": "#0"},
				"east": {"uv": [7.5, 1.5, 8, 3], "texture": "#0"},
				"south": {"uv": [3, 7.5, 3.5, 9], "texture": "#0"},
				"west": {"uv": [7.5, 3, 8, 4.5], "texture": "#0"},
				"up": {"uv": [9.5, 10.5, 9, 10], "texture": "#0"},
				"down": {"uv": [10.5, 9, 10, 9.5], "texture": "#0"}
			}
		},
		{
			"from": [3, 2, 8],
			"to": [4, 5, 9],
			"rotation": {"angle": 0, "axis": "y", "origin": [3, 1, 9]},
			"faces": {
				"north": {"uv": [7.5, 4.5, 8, 6], "texture": "#0"},
				"east": {"uv": [5, 7.5, 5.5, 9], "texture": "#0"},
				"south": {"uv": [5.5, 7.5, 6, 9], "texture": "#0"},
				"west": {"uv": [7.5, 6, 8, 7.5], "texture": "#0"},
				"up": {"uv": [10, 10.5, 9.5, 10], "texture": "#0"},
				"down": {"uv": [10.5, 9.5, 10, 10], "texture": "#0"}
			}
		},
		{
			"from": [3, 2, 7],
			"to": [4, 5, 8],
			"rotation": {"angle": 0, "axis": "y", "origin": [3, 1, 8]},
			"faces": {
				"north": {"uv": [7.5, 7.5, 8, 9], "texture": "#0"},
				"east": {"uv": [0, 8, 0.5, 9.5], "texture": "#0"},
				"south": {"uv": [8, 0, 8.5, 1.5], "texture": "#0"},
				"west": {"uv": [0.5, 8, 1, 9.5], "texture": "#0"},
				"up": {"uv": [10.5, 10.5, 10, 10], "texture": "#0"},
				"down": {"uv": [0.5, 10.5, 0, 11], "texture": "#0"}
			}
		},
		{
			"from": [4, 4.3, 10],
			"to": [7, 5.3, 11],
			"rotation": {"angle": 22.5, "axis": "z", "origin": [3.5, 4.5, 8]},
			"faces": {
				"north": {"uv": [1, 8, 2.5, 8.5], "texture": "#0"},
				"east": {"uv": [10.5, 0, 11, 0.5], "texture": "#0"},
				"south": {"uv": [8, 1.5, 9.5, 2], "texture": "#0"},
				"west": {"uv": [0.5, 10.5, 1, 11], "texture": "#0"},
				"up": {"uv": [9.5, 2.5, 8, 2], "texture": "#0"},
				"down": {"uv": [9.5, 2.5, 8, 3], "texture": "#0"}
			}
		},
		{
			"from": [4, 4.3, 5],
			"to": [7, 5.3, 6],
			"rotation": {"angle": 22.5, "axis": "z", "origin": [3.5, 4.5, 8]},
			"faces": {
				"north": {"uv": [0, 6, 1.5, 6.5], "texture": "#0"},
				"east": {"uv": [2.5, 8, 3, 8.5], "texture": "#0"},
				"south": {"uv": [6, 0, 7.5, 0.5], "texture": "#0"},
				"west": {"uv": [2.5, 8.5, 3, 9], "texture": "#0"},
				"up": {"uv": [7.5, 1, 6, 0.5], "texture": "#0"},
				"down": {"uv": [7.5, 1, 6, 1.5], "texture": "#0"}
			}
		},
		{
			"from": [4, 4.3, 8],
			"to": [7, 5.3, 9],
			"rotation": {"angle": 22.5, "axis": "z", "origin": [3.5, 4.5, 8]},
			"faces": {
				"north": {"uv": [8, 3, 9.5, 3.5], "texture": "#0"},
				"east": {"uv": [10.5, 0.5, 11, 1], "texture": "#0"},
				"south": {"uv": [3.5, 8, 5, 8.5], "texture": "#0"},
				"west": {"uv": [1, 10.5, 1.5, 11], "texture": "#0"},
				"up": {"uv": [9.5, 4, 8, 3.5], "texture": "#0"},
				"down": {"uv": [9.5, 4, 8, 4.5], "texture": "#0"}
			}
		},
		{
			"from": [4, 4.3, 7],
			"to": [7, 5.3, 8],
			"rotation": {"angle": 22.5, "axis": "z", "origin": [3.5, 4.5, 8]},
			"faces": {
				"north": {"uv": [8, 4.5, 9.5, 5], "texture": "#0"},
				"east": {"uv": [10.5, 1, 11, 1.5], "texture": "#0"},
				"south": {"uv": [8, 5, 9.5, 5.5], "texture": "#0"},
				"west": {"uv": [1.5, 10.5, 2, 11], "texture": "#0"},
				"up": {"uv": [9.5, 6, 8, 5.5], "texture": "#0"},
				"down": {"uv": [9.5, 6, 8, 6.5], "texture": "#0"}
			}
		},
		{
			"from": [10, 6, 10],
			"to": [13, 7, 11],
			"rotation": {"angle": -22.5, "axis": "z", "origin": [9, 7, 11]},
			"faces": {
				"north": {"uv": [8, 6.5, 9.5, 7], "texture": "#0"},
				"east": {"uv": [10.5, 1.5, 11, 2], "texture": "#0"},
				"south": {"uv": [8, 7, 9.5, 7.5], "texture": "#0"},
				"west": {"uv": [2, 10.5, 2.5, 11], "texture": "#0"},
				"up": {"uv": [9.5, 8, 8, 7.5], "texture": "#0"},
				"down": {"uv": [9.5, 8, 8, 8.5], "texture": "#0"}
			}
		},
		{
			"from": [10, 6, 5],
			"to": [13, 7, 6],
			"rotation": {"angle": -22.5, "axis": "z", "origin": [9, 7, 6]},
			"faces": {
				"north": {"uv": [8.5, 0, 10, 0.5], "texture": "#0"},
				"east": {"uv": [10.5, 2, 11, 2.5], "texture": "#0"},
				"south": {"uv": [8.5, 0.5, 10, 1], "texture": "#0"},
				"west": {"uv": [2.5, 10.5, 3, 11], "texture": "#0"},
				"up": {"uv": [2.5, 9, 1, 8.5], "texture": "#0"},
				"down": {"uv": [10, 1, 8.5, 1.5], "texture": "#0"}
			}
		},
		{
			"from": [10, 6, 8],
			"to": [13, 7, 9],
			"rotation": {"angle": -22.5, "axis": "z", "origin": [9, 7, 9]},
			"faces": {
				"north": {"uv": [3.5, 8.5, 5, 9], "texture": "#0"},
				"east": {"uv": [10.5, 2.5, 11, 3], "texture": "#0"},
				"south": {"uv": [6, 8.5, 7.5, 9], "texture": "#0"},
				"west": {"uv": [3, 10.5, 3.5, 11], "texture": "#0"},
				"up": {"uv": [9.5, 9, 8, 8.5], "texture": "#0"},
				"down": {"uv": [2.5, 9, 1, 9.5], "texture": "#0"}
			}
		},
		{
			"from": [10, 6, 7],
			"to": [13, 7, 8],
			"rotation": {"angle": -22.5, "axis": "z", "origin": [9, 7, 8]},
			"faces": {
				"north": {"uv": [2.5, 9, 4, 9.5], "texture": "#0"},
				"east": {"uv": [10.5, 3, 11, 3.5], "texture": "#0"},
				"south": {"uv": [4, 9, 5.5, 9.5], "texture": "#0"},
				"west": {"uv": [3.5, 10.5, 4, 11], "texture": "#0"},
				"up": {"uv": [7, 9.5, 5.5, 9], "texture": "#0"},
				"down": {"uv": [8.5, 9, 7, 9.5], "texture": "#0"}
			}
		}
	],
	"display": {
		"thirdperson_righthand": {
			"translation": [0, 5.75, 0]
		},
		"thirdperson_lefthand": {
			"translation": [0, 5.75, 0]
		},
		"firstperson_righthand": {
			"translation": [0, 5.75, 0]
		},
		"firstperson_lefthand": {
			"translation": [0, 5.75, 0]
		},
		"ground": {
			"translation": [0, 5.5, 0]
		},
		"gui": {
			"rotation": [76.84, -35.42, -2.83],
			"translation": [0, 1, 0],
			"scale": [1.5, 1.5, 2]
		},
		"head": {
			"translation": [0, 14.25, 0]
		},
		"fixed": {
			"rotation": [103.13, 35.42, 177.19],
			"translation": [0, 1, -10.5],
			"scale": [1.5, 1.5, 2]
		}
	},
	"groups": [
		{
			"name": "group",
			"origin": [8, 8, 8],
			"color": 0,
			"children": [0, 1, 2, 3, 4, 5, 6, 7, 8, 9, 10, 11, 12, 13, 14, 15, 16, 17, 18, 19, 20, 21, 22, 23, 24, 25, 26, 27, 28]
		}
	]
}