{
	"credit": "Made with Blockbench",
	"texture_size": [64, 64],
	"textures": {
		"0": "drk:item/tapiro100k",
		"particle": "drk:item/tapiro100k"
	},
	"elements": [
		{
			"from": [2, 0, 2],
			"to": [14, 3, 14],
			"rotation": {"angle": 0, "axis": "y", "origin": [7, 0, 7]},
			"faces": {
				"north": {"uv": [5.5, 0, 8.5, 0.75], "texture": "#0"},
				"east": {"uv": [5.5, 0.75, 8.5, 1.5], "texture": "#0"},
				"south": {"uv": [5.5, 1.5, 8.5, 2.25], "texture": "#0"},
				"west": {"uv": [5.5, 2.25, 8.5, 3], "texture": "#0"},
				"up": {"uv": [3, 3, 0, 0], "texture": "#0"},
				"down": {"uv": [3, 3, 0, 6], "texture": "#0"}
			}
		},
		{
			"from": [3, 3, 3],
			"to": [13, 4, 13],
			"rotation": {"angle": 0, "axis": "y", "origin": [7, 3, 7]},
			"faces": {
				"north": {"uv": [7, 5.75, 9.5, 6], "texture": "#0"},
				"east": {"uv": [3, 7.25, 5.5, 7.5], "texture": "#0"},
				"south": {"uv": [3, 7.5, 5.5, 7.75], "texture": "#0"},
				"west": {"uv": [7.5, 6, 10, 6.25], "texture": "#0"},
				"up": {"uv": [5.5, 2.5, 3, 0], "texture": "#0"},
				"down": {"uv": [5.5, 2.5, 3, 5], "texture": "#0"}
			}
		},
		{
			"from": [10, 4, 11],
			"to": [11, 7, 12],
			"rotation": {"angle": 0, "axis": "y", "origin": [7, 4, 7]},
			"faces": {
				"north": {"uv": [5.5, 7.25, 5.75, 8], "texture": "#0"},
				"east": {"uv": [5.75, 7.25, 6, 8], "texture": "#0"},
				"south": {"uv": [3, 7.75, 3.25, 8.5], "texture": "#0"},
				"west": {"uv": [7.75, 3, 8, 3.75], "texture": "#0"},
				"up": {"uv": [7.75, 7, 7.5, 6.75], "texture": "#0"},
				"down": {"uv": [8, 4.5, 7.75, 4.75], "texture": "#0"}
			}
		},
		{
			"from": [5, 4, 11],
			"to": [6, 7, 12],
			"rotation": {"angle": 0, "axis": "y", "origin": [2, 4, 7]},
			"faces": {
				"north": {"uv": [3.25, 7.75, 3.5, 8.5], "texture": "#0"},
				"east": {"uv": [3.5, 7.75, 3.75, 8.5], "texture": "#0"},
				"south": {"uv": [3.75, 7.75, 4, 8.5], "texture": "#0"},
				"west": {"uv": [7.75, 3.75, 8, 4.5], "texture": "#0"},
				"up": {"uv": [8, 5, 7.75, 4.75], "texture": "#0"},
				"down": {"uv": [6.75, 7.75, 6.5, 8], "texture": "#0"}
			}
		},
		{
			"from": [5, 4, 5],
			"to": [6, 7, 6],
			"rotation": {"angle": 0, "axis": "y", "origin": [2, 4, 1]},
			"faces": {
				"north": {"uv": [4, 7.75, 4.25, 8.5], "texture": "#0"},
				"east": {"uv": [4.25, 7.75, 4.5, 8.5], "texture": "#0"},
				"south": {"uv": [4.5, 7.75, 4.75, 8.5], "texture": "#0"},
				"west": {"uv": [4.75, 7.75, 5, 8.5], "texture": "#0"},
				"up": {"uv": [7, 8, 6.75, 7.75], "texture": "#0"},
				"down": {"uv": [8, 6.75, 7.75, 7], "texture": "#0"}
			}
		},
		{
			"from": [10, 4, 5],
			"to": [11, 7, 6],
			"rotation": {"angle": 0, "axis": "y", "origin": [7, 4, 1]},
			"faces": {
				"north": {"uv": [5, 7.75, 5.25, 8.5], "texture": "#0"},
				"east": {"uv": [5.25, 7.75, 5.5, 8.5], "texture": "#0"},
				"south": {"uv": [6, 7.75, 6.25, 8.5], "texture": "#0"},
				"west": {"uv": [6.25, 7.75, 6.5, 8.5], "texture": "#0"},
				"up": {"uv": [7.25, 8, 7, 7.75], "texture": "#0"},
				"down": {"uv": [7.5, 7.75, 7.25, 8], "texture": "#0"}
			}
		},
		{
			"from": [5, 7, 4],
			"to": [11, 9, 13],
			"rotation": {"angle": 0, "axis": "y", "origin": [7, 7, 1]},
			"faces": {
				"north": {"uv": [6, 6, 7.5, 6.5], "texture": "#0"},
				"east": {"uv": [5.5, 3, 7.75, 3.5], "texture": "#0"},
				"south": {"uv": [6, 6.5, 7.5, 7], "texture": "#0"},
				"west": {"uv": [5.5, 3.5, 7.75, 4], "texture": "#0"},
				"up": {"uv": [4.5, 7.25, 3, 5], "texture": "#0"},
				"down": {"uv": [6, 5, 4.5, 7.25], "texture": "#0"}
			}
		},
		{
			"from": [6, 9, 4],
			"to": [10, 11, 13],
			"rotation": {"angle": 0, "axis": "y", "origin": [7, 9, 1]},
			"faces": {
				"north": {"uv": [7.5, 6.25, 8.5, 6.75], "texture": "#0"},
				"east": {"uv": [5.5, 4, 7.75, 4.5], "texture": "#0"},
				"south": {"uv": [2, 7.75, 3, 8.25], "texture": "#0"},
				"west": {"uv": [5.5, 4.5, 7.75, 5], "texture": "#0"},
				"up": {"uv": [1, 8.25, 0, 6], "texture": "#0"},
				"down": {"uv": [2, 6, 1, 8.25], "texture": "#0"}
			}
		},
		{
			"from": [6, 8, 0],
			"to": [10, 11, 4],
			"rotation": {"angle": -22.5, "axis": "x", "origin": [8, 9.5, 4]},
			"faces": {
				"north": {"uv": [2, 7, 3, 7.75], "texture": "#0"},
				"east": {"uv": [7, 5, 8, 5.75], "texture": "#0"},
				"south": {"uv": [6, 7, 7, 7.75], "texture": "#0"},
				"west": {"uv": [7, 7, 8, 7.75], "texture": "#0"},
				"up": {"uv": [3, 7, 2, 6], "texture": "#0"},
				"down": {"uv": [7, 5, 6, 6], "texture": "#0"}
			}
		}
	],
	"display": {
		"thirdperson_righthand": {
			"rotation": [101.99, 64.72, -31.89],
			"translation": [0, 1.75, 2.75],
			"scale": [0.6, 0.6, 0.6]
		},
		"thirdperson_lefthand": {
			"rotation": [101.99, 64.72, -31.89],
			"translation": [0, 1.75, 2.75],
			"scale": [0.6, 0.6, 0.6]
		},
		"firstperson_righthand": {
			"rotation": [16.74, 66.52, -21.18],
			"translation": [-1.75, 6.75, 0.75],
			"scale": [0.6, 0.6, 0.6]
		},
		"firstperson_lefthand": {
			"rotation": [16.74, 66.52, -21.18],
			"translation": [-1.75, 6.75, 0.75],
			"scale": [0.6, 0.6, 0.6]
		},
		"ground": {
			"translation": [0, 5.5, 0]
		},
		"gui": {
			"rotation": [39.37, -71.15, 26.41],
			"translation": [-0.75, 2.25, 0]
		},
		"head": {
			"translation": [0, 14.5, 0]
		},
		"fixed": {
			"rotation": [-90, 0, 0],
			"translation": [0, 0, -15.25],
			"scale": [2.1, 2, 2]
		}
	},
	"groups": [
		{
			"name": "group",
			"origin": [8, 8, 8],
			"color": 0,
			"children": [0, 1, 2, 3, 4, 5, 6, 7, 8]
		}
	]
}