{
	"credit": "Made with Blockbench",
	"texture_size": [64, 64],
	"textures": {
		"0": "drk:item/dossier_rick",
		"particle": "drk:item/dossier_rick"
	},
	"elements": [
		{
			"from": [4, 0, 7],
			"to": [12, 11, 8],
			"rotation": {"angle": 0, "axis": "y", "origin": [7, 0, 7]},
			"faces": {
				"north": {"uv": [0, 0, 2, 2.75], "texture": "#0"},
				"east": {"uv": [5, 4.5, 5.25, 7.25], "texture": "#0"},
				"south": {"uv": [2, 0, 4, 2.75], "texture": "#0"},
				"west": {"uv": [5.25, 0, 5.5, 2.75], "texture": "#0"},
				"up": {"uv": [3, 5.75, 1, 5.5], "texture": "#0"},
				"down": {"uv": [7.5, 2.75, 5.5, 3], "texture": "#0"}
			}
		},
		{
			"from": [4, 0, 8],
			"to": [6, 11, 9],
			"rotation": {"angle": 0, "axis": "y", "origin": [1, 0, 8]},
			"faces": {
				"north": {"uv": [4, 4.5, 4.5, 7.25], "texture": "#0"},
				"east": {"uv": [5.25, 2.75, 5.5, 5.5], "texture": "#0"},
				"south": {"uv": [4.5, 4.5, 5, 7.25], "texture": "#0"},
				"west": {"uv": [0, 5.5, 0.25, 8.25], "texture": "#0"},
				"up": {"uv": [6, 4.25, 5.5, 4], "texture": "#0"},
				"down": {"uv": [6, 4.25, 5.5, 4.5], "texture": "#0"}
			}
		},
		{
			"from": [6, -1, 8],
			"to": [8, 1, 9],
			"rotation": {"angle": 0, "axis": "y", "origin": [3, -10, 8]},
			"faces": {
				"north": {"uv": [3, 5.5, 3.5, 6], "texture": "#0"},
				"east": {"uv": [5.5, 4.5, 5.75, 5], "texture": "#0"},
				"south": {"uv": [3.5, 5.5, 4, 6], "texture": "#0"},
				"west": {"uv": [5.5, 5, 5.75, 5.5], "texture": "#0"},
				"up": {"uv": [5.75, 5.75, 5.25, 5.5], "texture": "#0"},
				"down": {"uv": [6.25, 0, 5.75, 0.25], "texture": "#0"}
			}
		},
		{
			"from": [6, -2, 8],
			"to": [7, -1, 9],
			"rotation": {"angle": 0, "axis": "y", "origin": [3, -12, 8]},
			"faces": {
				"north": {"uv": [5.75, 0.25, 6, 0.5], "texture": "#0"},
				"east": {"uv": [5.75, 0.5, 6, 0.75], "texture": "#0"},
				"south": {"uv": [5.75, 0.75, 6, 1], "texture": "#0"},
				"west": {"uv": [1, 5.75, 1.25, 6], "texture": "#0"},
				"up": {"uv": [6, 1.25, 5.75, 1], "texture": "#0"},
				"down": {"uv": [1.5, 5.75, 1.25, 6], "texture": "#0"}
			}
		},
		{
			"from": [4, 0, 9],
			"to": [12, 11, 10],
			"rotation": {"angle": 0, "axis": "y", "origin": [7, 0, 9]},
			"faces": {
				"north": {"uv": [0, 2.75, 2, 5.5], "texture": "#0"},
				"east": {"uv": [5.5, 0, 5.75, 2.75], "texture": "#0"},
				"south": {"uv": [2, 2.75, 4, 5.5], "texture": "#0"},
				"west": {"uv": [0.25, 5.5, 0.5, 8.25], "texture": "#0"},
				"up": {"uv": [7.5, 3.25, 5.5, 3], "texture": "#0"},
				"down": {"uv": [7.5, 3.25, 5.5, 3.5], "texture": "#0"}
			}
		},
		{
			"from": [6, 1, 8],
			"to": [11, 10, 9],
			"rotation": {"angle": 0, "axis": "y", "origin": [7, 0, 8]},
			"faces": {
				"north": {"uv": [4, 0, 5.25, 2.25], "texture": "#0"},
				"east": {"uv": [0.5, 5.5, 0.75, 7.75], "texture": "#0"},
				"south": {"uv": [4, 2.25, 5.25, 4.5], "texture": "#0"},
				"west": {"uv": [0.75, 5.5, 1, 7.75], "texture": "#0"},
				"up": {"uv": [6.75, 3.75, 5.5, 3.5], "texture": "#0"},
				"down": {"uv": [6.75, 3.75, 5.5, 4], "texture": "#0"}
			}
		}
	],
	"display": {
		"thirdperson_righthand": {
			"rotation": [92.5, 88.48, -89.99],
			"translation": [0, -0.75, 0],
			"scale": [0.6, 0.6, 0.6]
		},
		"thirdperson_lefthand": {
			"rotation": [95.41, -88.48, 92.9],
			"translation": [0, -0.25, 0],
			"scale": [0.6, 0.6, 0.6]
		},
		"firstperson_righthand": {
			"rotation": [92.5, 88.48, -89.99],
			"translation": [0, -0.75, 0],
			"scale": [0.6, 0.6, 0.6]
		},
		"firstperson_lefthand": {
			"rotation": [95.41, -88.48, 92.9],
			"translation": [0, -0.25, 0],
			"scale": [0.6, 0.6, 0.6]
		},
		"ground": {
			"translation": [0, 7.75, 0]
		},
		"gui": {
			"rotation": [1.2, -0.51, 26.66],
			"translation": [-1.25, 2.25, -1]
		},
		"head": {
			"translation": [0, 17, 0]
		},
		"fixed": {
			"rotation": [1.2, -0.51, 26.66],
			"translation": [-1.25, 2.25, -1]
		}
	},
	"groups": [
		{
			"name": "group",
			"origin": [8, 8, 8],
			"color": 0,
			"children": [0, 1, 2, 3, 4, 5]
		}
	]
}