{"textures":{"0":"modelengine:entity/nocturne","particle":"#0"},"elements":[{"from":[4.5,17.0,7.0],"to":[11.5,20.0,9.5],"faces":{"east":{"uv":[11.0,7.75,12.25,9.25],"tintindex":0,"rotation":0,"texture":"#0"},"south":{"uv":[5.25,5.0,8.75,6.5],"tintindex":0,"rotation":0,"texture":"#0"},"north":{"uv":[5.25,3.5,8.75,5.0],"tintindex":0,"rotation":0,"texture":"#0"},"west":{"uv":[11.0,9.25,12.25,10.75],"tintindex":0,"rotation":0,"texture":"#0"},"up":{"uv":[3.5,10.75,0.0,9.5],"tintindex":0,"rotation":0,"texture":"#0"},"down":{"uv":[13.25,0.0,9.75,1.25],"tintindex":0,"rotation":0,"texture":"#0"}}},{"from":[4.0,20.0,6.5],"to":[12.0,25.0,10.0],"faces":{"east":{"uv":[9.75,1.25,11.5,3.75],"tintindex":0,"rotation":0,"texture":"#0"},"south":{"uv":[0.0,2.5,4.0,5.0],"tintindex":0,"rotation":0,"texture":"#0"},"north":{"uv":[0.0,0.0,4.0,2.5],"tintindex":0,"rotation":0,"texture":"#0"},"west":{"uv":[10.25,3.75,12.0,6.25],"tintindex":0,"rotation":0,"texture":"#0"},"up":{"uv":[8.0,1.75,4.0,0.0],"tintindex":0,"rotation":0,"texture":"#0"},"down":{"uv":[8.0,1.75,4.0,3.5],"tintindex":0,"rotation":0,"texture":"#0"}}}],"display":{"head":{"rotation":[0.0,0.0,0.0]},"firstperson_righthand":{"rotation":[0.0,0.0,0.0]},"thirdperson_lefthand":{"rotation":[0.0,-0.0,-0.0]},"firstperson_lefthand":{"rotation":[0.0,-0.0,-0.0]},"fixed":{"rotation":[0.0,0.0,0.0]},"ground":{"rotation":[0.0,0.0,0.0]},"thirdperson_righthand":{"rotation":[0.0,0.0,0.0]},"gui":{"rotation":[-150.0,-45.0,180.0]}}}