{"textures":{"0":"modelengine:entity/nocturne","particle":"#0"},"elements":[{"from":[6.5,25.0,5.5],"to":[9.5,28.5,8.5],"faces":{"east":{"uv":[10.25,10.75,11.75,12.5],"tintindex":0,"rotation":0,"texture":"#0"},"south":{"uv":[4.75,11.0,6.25,12.75],"tintindex":0,"rotation":0,"texture":"#0"},"north":{"uv":[2.25,10.75,3.75,12.5],"tintindex":0,"rotation":0,"texture":"#0"},"west":{"uv":[6.25,11.0,7.75,12.75],"tintindex":0,"rotation":0,"texture":"#0"},"up":{"uv":[12.5,7.75,11.0,6.25],"tintindex":0,"rotation":0,"texture":"#0"},"down":{"uv":[9.25,11.0,7.75,12.5],"tintindex":0,"rotation":0,"texture":"#0"}}}],"display":{"head":{"rotation":[0.0,0.0,0.0]},"firstperson_righthand":{"rotation":[0.0,0.0,0.0]},"thirdperson_lefthand":{"rotation":[0.0,-0.0,-0.0]},"firstperson_lefthand":{"rotation":[0.0,-0.0,-0.0]},"fixed":{"rotation":[0.0,0.0,0.0]},"ground":{"rotation":[0.0,0.0,0.0]},"thirdperson_righthand":{"rotation":[0.0,0.0,0.0]},"gui":{"rotation":[-150.0,-45.0,180.0]}}}