{"textures":{"0":"modelengine:entity/nocturne","particle":"#0"},"elements":[{"from":[1.0,8.0,7.0],"to":[6.0,26.0,10.0],"faces":{"east":{"uv":[10.25,6.25,11.0,10.75],"tintindex":0,"rotation":0,"texture":"#0"},"south":{"uv":[0.0,5.0,1.25,9.5],"tintindex":0,"rotation":0,"texture":"#0"},"north":{"uv":[4.0,3.5,5.25,8.0],"tintindex":0,"rotation":0,"texture":"#0"},"west":{"uv":[0.0,10.75,0.75,15.25],"tintindex":0,"rotation":0,"texture":"#0"},"up":{"uv":[13.25,4.0,12.0,3.25],"tintindex":0,"rotation":0,"texture":"#0"},"down":{"uv":[13.25,4.0,12.0,4.75],"tintindex":0,"rotation":0,"texture":"#0"}}}],"display":{"head":{"rotation":[0.0,0.0,0.0]},"firstperson_righthand":{"rotation":[0.0,0.0,0.0]},"thirdperson_lefthand":{"rotation":[0.0,-0.0,-0.0]},"firstperson_lefthand":{"rotation":[0.0,-0.0,-0.0]},"fixed":{"rotation":[0.0,0.0,0.0]},"ground":{"rotation":[0.0,0.0,0.0]},"thirdperson_righthand":{"rotation":[0.0,0.0,0.0]},"gui":{"rotation":[-150.0,-45.0,180.0]}}}