{"textures":{"0":"modelengine:entity/nocturne","particle":"#0"},"elements":[{"from":[2.0,16.5,7.0],"to":[4.0,25.5,9.0],"faces":{"east":{"uv":[6.25,6.5,7.25,11.0],"tintindex":0,"rotation":0,"texture":"#0"},"south":{"uv":[7.25,6.5,8.25,11.0],"tintindex":0,"rotation":0,"texture":"#0"},"north":{"uv":[5.25,6.5,6.25,11.0],"tintindex":0,"rotation":0,"texture":"#0"},"west":{"uv":[3.75,8.0,4.75,12.5],"tintindex":0,"rotation":0,"texture":"#0"},"up":{"uv":[12.5,2.25,11.5,1.25],"tintindex":0,"rotation":0,"texture":"#0"},"down":{"uv":[12.5,2.25,11.5,3.25],"tintindex":0,"rotation":0,"texture":"#0"}}}],"display":{"head":{"rotation":[0.0,0.0,0.0]},"firstperson_righthand":{"rotation":[0.0,0.0,0.0]},"thirdperson_lefthand":{"rotation":[0.0,-0.0,-0.0]},"firstperson_lefthand":{"rotation":[0.0,-0.0,-0.0]},"fixed":{"rotation":[0.0,0.0,0.0]},"ground":{"rotation":[0.0,0.0,0.0]},"thirdperson_righthand":{"rotation":[0.0,0.0,0.0]},"gui":{"rotation":[-150.0,-45.0,180.0]}}}