{"textures":{"0":"modelengine:entity/nocturne","particle":"#0"},"elements":[{"from":[12.0,16.5,7.0],"to":[14.0,25.5,9.0],"faces":{"east":{"uv":[8.75,0.0,9.75,4.5],"tintindex":0,"rotation":0,"texture":"#0"},"south":{"uv":[9.25,4.5,10.25,9.0],"tintindex":0,"rotation":0,"texture":"#0"},"north":{"uv":[8.25,6.5,9.25,11.0],"tintindex":0,"rotation":0,"texture":"#0"},"west":{"uv":[9.25,9.0,10.25,13.5],"tintindex":0,"rotation":0,"texture":"#0"},"up":{"uv":[12.75,11.75,11.75,10.75],"tintindex":0,"rotation":0,"texture":"#0"},"down":{"uv":[12.75,11.75,11.75,12.75],"tintindex":0,"rotation":0,"texture":"#0"}}}],"display":{"head":{"rotation":[0.0,0.0,0.0]},"firstperson_righthand":{"rotation":[0.0,0.0,0.0]},"thirdperson_lefthand":{"rotation":[0.0,-0.0,-0.0]},"firstperson_lefthand":{"rotation":[0.0,-0.0,-0.0]},"fixed":{"rotation":[0.0,0.0,0.0]},"ground":{"rotation":[0.0,0.0,0.0]},"thirdperson_righthand":{"rotation":[0.0,0.0,0.0]},"gui":{"rotation":[-150.0,-45.0,180.0]}}}