{"textures":{"0":"modelengine:entity/nocturne","particle":"#0"},"elements":[{"from":[10.0,8.0,7.0],"to":[15.0,26.0,10.0],"faces":{"east":{"uv":[0.75,10.75,1.5,15.25],"tintindex":0,"rotation":0,"texture":"#0"},"south":{"uv":[2.5,5.0,3.75,9.5],"tintindex":0,"rotation":0,"texture":"#0"},"north":{"uv":[1.25,5.0,2.5,9.5],"tintindex":0,"rotation":0,"texture":"#0"},"west":{"uv":[1.5,10.75,2.25,15.25],"tintindex":0,"rotation":0,"texture":"#0"},"up":{"uv":[13.25,5.5,12.0,4.75],"tintindex":0,"rotation":0,"texture":"#0"},"down":{"uv":[13.25,5.5,12.0,6.25],"tintindex":0,"rotation":0,"texture":"#0"}}}],"display":{"head":{"rotation":[0.0,0.0,0.0]},"firstperson_righthand":{"rotation":[0.0,0.0,0.0]},"thirdperson_lefthand":{"rotation":[0.0,-0.0,-0.0]},"firstperson_lefthand":{"rotation":[0.0,-0.0,-0.0]},"fixed":{"rotation":[0.0,0.0,0.0]},"ground":{"rotation":[0.0,0.0,0.0]},"thirdperson_righthand":{"rotation":[0.0,0.0,0.0]},"gui":{"rotation":[-150.0,-45.0,180.0]}}}