{
	"credit": "Made with Blockbench",
	"texture_size": [64, 64],
	"textures": {
		"0": "drk:item/abominialbone",
		"particle": "drk:item/abominialbone"
	},
	"elements": [
		{
			"from": [6, 2, 16],
			"to": [10, 6, 24],
			"rotation": {"angle": 0, "axis": "y", "origin": [6, 2, 16]},
			"faces": {
				"north": {"uv": [5, 6, 6, 7], "texture": "#0"},
				"east": {"uv": [6, 2, 8, 3], "texture": "#0"},
				"south": {"uv": [6, 6, 7, 7], "texture": "#0"},
				"west": {"uv": [6, 3, 8, 4], "texture": "#0"},
				"up": {"uv": [5, 8, 4, 6], "texture": "#0"},
				"down": {"uv": [7, 4, 6, 6], "texture": "#0"}
			}
		},
		{
			"from": [4, 0, -8],
			"to": [12, 8, 16],
			"rotation": {"angle": 0, "axis": "y", "origin": [6, 2, 8]},
			"faces": {
				"north": {"uv": [4, 4, 6, 6], "texture": "#0"},
				"east": {"uv": [0, 0, 6, 2], "texture": "#0"},
				"south": {"uv": [6, 0, 8, 2], "texture": "#0"},
				"west": {"uv": [0, 2, 6, 4], "texture": "#0"},
				"up": {"uv": [2, 10, 0, 4], "texture": "#0"},
				"down": {"uv": [4, 4, 2, 10], "texture": "#0"}
			}
		}
	],
	"display": {
		"thirdperson_righthand": {
			"rotation": [90, 0, 0],
			"translation": [0, 11, 6]
		},
		"thirdperson_lefthand": {
			"rotation": [90, 0, 0],
			"translation": [0, 11, 6]
		},
		"firstperson_righthand": {
			"rotation": [45, 0, 0],
			"translation": [0, 6.75, -0.25]
		},
		"firstperson_lefthand": {
			"rotation": [45, 0, 0],
			"translation": [0, 6.75, -0.25]
		},
		"ground": {
			"translation": [0, 7.5, 0]
		},
		"gui": {
			"rotation": [85.1, -44.36, 97.95],
			"translation": [-2, 1.5, 0],
			"scale": [0.5, 0.5, 0.5]
		},
		"head": {
			"rotation": [135.75, 0, 0],
			"translation": [0, -1.75, -1.25]
		},
		"fixed": {
			"rotation": [85.1, -44.36, 97.95],
			"translation": [-2, 1.5, 0],
			"scale": [0.5, 0.5, 0.5]
		}
	},
	"groups": [
		{
			"name": "body",
			"origin": [8, 8, 8],
			"color": 0,
			"children": [0, 1]
		}
	]
}