{
	"credit": "Made with Blockbench",
	"texture_size": [32, 32],
	"textures": {
		"0": "drk:item/aeterniscard",
		"particle": "drk:item/aeterniscard"
	},
	"elements": [
		{
			"from": [7, 0, 3],
			"to": [8, 14, 13],
			"rotation": {"angle": 0, "axis": "y", "origin": [7, 0, 7]},
			"faces": {
				"north": {"uv": [0, 7, 0.5, 14], "texture": "#0"},
				"east": {"uv": [0, 0, 5, 7], "texture": "#0"},
				"south": {"uv": [0.5, 7, 1, 14], "texture": "#0"},
				"west": {"uv": [5, 0, 10, 7], "texture": "#0"},
				"up": {"uv": [1.5, 12, 1, 7], "texture": "#0"},
				"down": {"uv": [2, 7, 1.5, 12], "texture": "#0"}
			}
		}
	],
	"display": {
		"thirdperson_righthand": {
			"scale": [0.4, 0.4, 0.4]
		},
		"thirdperson_lefthand": {
			"scale": [0.4, 0.4, 0.4]
		},
		"firstperson_righthand": {
			"rotation": [0, 52.5, 0],
			"translation": [0, 2.75, 0],
			"scale": [0.4, 0.4, 0.4]
		},
		"firstperson_lefthand": {
			"rotation": [0, 52.5, 0],
			"translation": [0, 2.75, 0],
			"scale": [0.4, 0.4, 0.4]
		},
		"ground": {
			"rotation": [0, 52.5, 0],
			"translation": [0, 2.75, 0],
			"scale": [0.4, 0.4, 0.4]
		},
		"gui": {
			"rotation": [0, -89.75, 0],
			"translation": [0, 1, 0]
		},
		"head": {
			"rotation": [0, 52.5, 0],
			"translation": [0, 10.5, 0],
			"scale": [0.4, 0.4, 0.4]
		},
		"fixed": {
			"rotation": [0, -89.75, 0]
		}
	},
	"groups": [
		{
			"name": "body",
			"origin": [8, 8, 8],
			"color": 0,
			"children": [0]
		}
	]
}