{"textures":{"0":"modelengine:entity/warden2","particle":"#0"},"elements":[{"from":[0.0,9.0,-6.0],"to":[16.0,25.0,10.0],"faces":{"east":{"uv":[0.0,5.5,1.0,6.5],"tintindex":0,"rotation":0,"texture":"#0"},"south":{"uv":[3.0,5.5,4.0,6.5],"tintindex":0,"rotation":0,"texture":"#0"},"north":{"uv":[1.0,5.5,2.0,6.5],"tintindex":0,"rotation":0,"texture":"#0"},"west":{"uv":[2.0,5.5,3.0,6.5],"tintindex":0,"rotation":0,"texture":"#0"},"up":{"uv":[2.0,5.5,1.0,4.5],"tintindex":0,"rotation":0,"texture":"#0"},"down":{"uv":[3.0,4.5,2.0,5.5],"tintindex":0,"rotation":0,"texture":"#0"}}}],"display":{"head":{"rotation":[0.0,0.0,0.0]},"firstperson_righthand":{"rotation":[0.0,0.0,0.0]},"thirdperson_lefthand":{"rotation":[0.0,-0.0,-0.0]},"firstperson_lefthand":{"rotation":[0.0,-0.0,-0.0]},"fixed":{"rotation":[0.0,0.0,0.0]},"ground":{"rotation":[0.0,0.0,0.0]},"thirdperson_righthand":{"rotation":[0.0,0.0,0.0]},"gui":{"rotation":[-150.0,-45.0,180.0]}}}