{"textures":{"0":"modelengine:entity/warden2","particle":"#0"},"elements":[{"from":[-8.0,5.0,8.0],"to":[8.0,21.0,8.0],"faces":{"south":{"uv":[10.0,7.1875,11.0,8.1875],"tintindex":0,"rotation":0,"texture":"#0"},"north":{"uv":[9.0,7.1875,10.0,8.1875],"tintindex":0,"rotation":0,"texture":"#0"}}}],"display":{"head":{"rotation":[0.0,0.0,0.0]},"firstperson_righthand":{"rotation":[0.0,0.0,0.0]},"thirdperson_lefthand":{"rotation":[0.0,-0.0,-0.0]},"firstperson_lefthand":{"rotation":[0.0,-0.0,-0.0]},"fixed":{"rotation":[0.0,0.0,0.0]},"ground":{"rotation":[0.0,0.0,0.0]},"thirdperson_righthand":{"rotation":[0.0,0.0,0.0]},"gui":{"rotation":[-150.0,-45.0,180.0]}}}