{"textures":{"0":"modelengine:entity/warden2","particle":"#0"},"elements":[{"from":[8.0,-4.0,7.9],"to":[23.0,20.0,7.9],"faces":{"south":{"uv":[4.9375,7.8125,5.875,9.3125],"tintindex":0,"rotation":0,"texture":"#0"},"north":{"uv":[4.0,7.8125,4.9375,9.3125],"tintindex":0,"rotation":0,"texture":"#0"}}}],"display":{"head":{"rotation":[0.0,0.0,0.0]},"firstperson_righthand":{"rotation":[0.0,0.0,0.0]},"thirdperson_lefthand":{"rotation":[0.0,-0.0,-0.0]},"firstperson_lefthand":{"rotation":[0.0,-0.0,-0.0]},"fixed":{"rotation":[0.0,0.0,0.0]},"ground":{"rotation":[0.0,0.0,0.0]},"thirdperson_righthand":{"rotation":[0.0,0.0,0.0]},"gui":{"rotation":[-150.0,-45.0,180.0]}}}