{"textures":{"0":"modelengine:entity/warden2","particle":"#0"},"elements":[{"from":[0.0,-8.0,4.0],"to":[8.0,8.0,12.0],"faces":{"east":{"uv":[7.8125,4.6875,8.3125,5.6875],"tintindex":0,"rotation":0,"texture":"#0"},"south":{"uv":[9.3125,4.6875,9.8125,5.6875],"tintindex":0,"rotation":0,"texture":"#0"},"north":{"uv":[8.3125,4.6875,8.8125,5.6875],"tintindex":0,"rotation":0,"texture":"#0"},"west":{"uv":[8.8125,4.6875,9.3125,5.6875],"tintindex":0,"rotation":0,"texture":"#0"},"up":{"uv":[8.8125,4.6875,8.3125,4.1875],"tintindex":0,"rotation":0,"texture":"#0"},"down":{"uv":[9.3125,4.1875,8.8125,4.6875],"tintindex":0,"rotation":0,"texture":"#0"}}},{"from":[-4.0,-8.0,8.0],"to":[0.0,8.0,8.0],"faces":{"south":{"uv":[3.5,6.5,3.75,7.5],"tintindex":0,"rotation":0,"texture":"#0"},"north":{"uv":[3.25,6.5,3.5,7.5],"tintindex":0,"rotation":0,"texture":"#0"}}}],"display":{"head":{"rotation":[0.0,0.0,0.0]},"firstperson_righthand":{"rotation":[0.0,0.0,0.0]},"thirdperson_lefthand":{"rotation":[0.0,-0.0,-0.0]},"firstperson_lefthand":{"rotation":[0.0,-0.0,-0.0]},"fixed":{"rotation":[0.0,0.0,0.0]},"ground":{"rotation":[0.0,0.0,0.0]},"thirdperson_righthand":{"rotation":[0.0,0.0,0.0]},"gui":{"rotation":[-150.0,-45.0,180.0]}}}