{"textures":{"0":"modelengine:entity/warden2","particle":"#0"},"elements":[{"from":[4.0,1.0,3.99369],"to":[12.0,10.0,11.97369],"faces":{"east":{"uv":[9.125,3.5625,9.5625,4.125],"tintindex":0,"rotation":0,"texture":"#0"},"south":{"uv":[10.5,3.5625,11.0,4.125],"tintindex":0,"rotation":0,"texture":"#0"},"north":{"uv":[9.5625,3.5625,10.0625,4.125],"tintindex":0,"rotation":0,"texture":"#0"},"west":{"uv":[10.0625,3.5625,10.5,4.125],"tintindex":0,"rotation":0,"texture":"#0"},"up":{"uv":[10.0625,3.5625,9.5625,3.125],"tintindex":0,"rotation":0,"texture":"#0"},"down":{"uv":[10.5625,3.125,10.0625,3.5625],"tintindex":0,"rotation":0,"texture":"#0"}}}],"display":{"head":{"rotation":[0.0,0.0,0.0]},"firstperson_righthand":{"rotation":[0.0,0.0,0.0]},"thirdperson_lefthand":{"rotation":[0.0,-0.0,-0.0]},"firstperson_lefthand":{"rotation":[0.0,-0.0,-0.0]},"fixed":{"rotation":[0.0,0.0,0.0]},"ground":{"rotation":[0.0,0.0,0.0]},"thirdperson_righthand":{"rotation":[0.0,0.0,0.0]},"gui":{"rotation":[-150.0,-45.0,180.0]}}}