{"textures":{"0":"modelengine:entity/warden2","particle":"#0"},"elements":[{"from":[2.8999996,-2.0,-5.0],"to":[14.9,4.0,3.0],"faces":{"east":{"uv":[7.75,9.1875,8.25,9.5625],"tintindex":0,"rotation":0,"texture":"#0"},"south":{"uv":[9.5,9.1875,10.25,9.5625],"tintindex":0,"rotation":0,"texture":"#0"},"north":{"uv":[8.25,9.1875,9.0,9.5625],"tintindex":0,"rotation":0,"texture":"#0"},"west":{"uv":[9.0,9.1875,9.5,9.5625],"tintindex":0,"rotation":0,"texture":"#0"},"up":{"uv":[9.0,9.1875,8.25,8.6875],"tintindex":0,"rotation":0,"texture":"#0"},"down":{"uv":[9.75,8.6875,9.0,9.1875],"tintindex":0,"rotation":0,"texture":"#0"}}},{"from":[2.8999996,-2.0,3.0],"to":[14.9,8.0,13.0],"faces":{"east":{"uv":[7.0,6.5625,7.625,7.1875],"tintindex":0,"rotation":0,"texture":"#0"},"south":{"uv":[9.0,6.5625,9.75,7.1875],"tintindex":0,"rotation":0,"texture":"#0"},"north":{"uv":[7.625,6.5625,8.375,7.1875],"tintindex":0,"rotation":0,"texture":"#0"},"west":{"uv":[8.375,6.5625,9.0,7.1875],"tintindex":0,"rotation":0,"texture":"#0"},"up":{"uv":[8.375,6.5625,7.625,5.9375],"tintindex":0,"rotation":0,"texture":"#0"},"down":{"uv":[9.125,5.9375,8.375,6.5625],"tintindex":0,"rotation":0,"texture":"#0"}}}],"display":{"head":{"rotation":[0.0,0.0,0.0]},"firstperson_righthand":{"rotation":[0.0,0.0,0.0]},"thirdperson_lefthand":{"rotation":[0.0,-0.0,-0.0]},"firstperson_lefthand":{"rotation":[0.0,-0.0,-0.0]},"fixed":{"rotation":[0.0,0.0,0.0]},"ground":{"rotation":[0.0,0.0,0.0]},"thirdperson_righthand":{"rotation":[0.0,0.0,0.0]},"gui":{"rotation":[-150.0,-45.0,180.0]}}}