{"textures":{"0":"modelengine:entity/warden2","particle":"#0"},"elements":[{"from":[2.8999996,2.0,6.0],"to":[14.9,7.0,24.0],"faces":{"east":{"uv":[4.0,5.625,5.125,5.9375],"tintindex":0,"rotation":0,"texture":"#0"},"south":{"uv":[7.0,5.625,7.75,5.9375],"tintindex":0,"rotation":0,"texture":"#0"},"north":{"uv":[5.125,5.625,5.875,5.9375],"tintindex":0,"rotation":0,"texture":"#0"},"west":{"uv":[5.875,5.625,7.0,5.9375],"tintindex":0,"rotation":0,"texture":"#0"},"up":{"uv":[5.875,5.625,5.125,4.5],"tintindex":0,"rotation":0,"texture":"#0"},"down":{"uv":[6.625,4.5,5.875,5.625],"tintindex":0,"rotation":0,"texture":"#0"}}}],"display":{"head":{"rotation":[0.0,0.0,0.0]},"firstperson_righthand":{"rotation":[0.0,0.0,0.0]},"thirdperson_lefthand":{"rotation":[0.0,-0.0,-0.0]},"firstperson_lefthand":{"rotation":[0.0,-0.0,-0.0]},"fixed":{"rotation":[0.0,0.0,0.0]},"ground":{"rotation":[0.0,0.0,0.0]},"thirdperson_righthand":{"rotation":[0.0,0.0,0.0]},"gui":{"rotation":[-150.0,-45.0,180.0]}}}