{"textures":{"0":"modelengine:entity/warden2","particle":"#0"},"elements":[{"from":[1.0999999,-12.0,6.0],"to":[15.1,8.0,16.0],"faces":{"east":{"uv":[4.0,6.5625,4.625,7.8125],"tintindex":0,"rotation":0,"texture":"#0"},"south":{"uv":[6.125,6.5625,7.0,7.8125],"tintindex":0,"rotation":0,"texture":"#0"},"north":{"uv":[4.625,6.5625,5.5,7.8125],"tintindex":0,"rotation":0,"texture":"#0"},"west":{"uv":[5.5,6.5625,6.125,7.8125],"tintindex":0,"rotation":0,"texture":"#0"},"up":{"uv":[5.5,6.5625,4.625,5.9375],"tintindex":0,"rotation":0,"texture":"#0"},"down":{"uv":[6.375,5.9375,5.5,6.5625],"tintindex":0,"rotation":0,"texture":"#0"}}}],"display":{"head":{"rotation":[0.0,0.0,0.0]},"firstperson_righthand":{"rotation":[0.0,0.0,0.0]},"thirdperson_lefthand":{"rotation":[0.0,-0.0,-0.0]},"firstperson_lefthand":{"rotation":[0.0,-0.0,-0.0]},"fixed":{"rotation":[0.0,0.0,0.0]},"ground":{"rotation":[0.0,0.0,0.0]},"thirdperson_righthand":{"rotation":[0.0,0.0,0.0]},"gui":{"rotation":[-150.0,-45.0,180.0]}}}