{"textures":{"0":"modelengine:entity/warden2","particle":"#0"},"elements":[{"from":[4.0,0.0,3.99579],"to":[12.0,10.0,11.98579],"faces":{"east":{"uv":[9.0625,2.375,9.5,3.0],"tintindex":0,"rotation":0,"texture":"#0"},"south":{"uv":[10.4375,2.375,10.9375,3.0],"tintindex":0,"rotation":0,"texture":"#0"},"north":{"uv":[9.5,2.375,10.0,3.0],"tintindex":0,"rotation":0,"texture":"#0"},"west":{"uv":[10.0,2.375,10.4375,3.0],"tintindex":0,"rotation":0,"texture":"#0"},"up":{"uv":[10.0,2.375,9.5,1.9375],"tintindex":0,"rotation":0,"texture":"#0"},"down":{"uv":[10.5,1.9375,10.0,2.375],"tintindex":0,"rotation":0,"texture":"#0"}}}],"display":{"head":{"rotation":[0.0,0.0,0.0]},"firstperson_righthand":{"rotation":[0.0,0.0,0.0]},"thirdperson_lefthand":{"rotation":[0.0,-0.0,-0.0]},"firstperson_lefthand":{"rotation":[0.0,-0.0,-0.0]},"fixed":{"rotation":[0.0,0.0,0.0]},"ground":{"rotation":[0.0,0.0,0.0]},"thirdperson_righthand":{"rotation":[0.0,0.0,0.0]},"gui":{"rotation":[-150.0,-45.0,180.0]}}}