{"textures":{"0":"modelengine:entity/warden2","particle":"#0"},"elements":[{"from":[6.1,-5.0,0.0],"to":[18.1,1.0,8.0],"faces":{"east":{"uv":[6.25,2.375,6.75,2.75],"tintindex":0,"rotation":0,"texture":"#0"},"south":{"uv":[8.0,2.375,8.75,2.75],"tintindex":0,"rotation":0,"texture":"#0"},"north":{"uv":[6.75,2.375,7.5,2.75],"tintindex":0,"rotation":0,"texture":"#0"},"west":{"uv":[7.5,2.375,8.0,2.75],"tintindex":0,"rotation":0,"texture":"#0"},"up":{"uv":[7.5,2.375,6.75,1.875],"tintindex":0,"rotation":0,"texture":"#0"},"down":{"uv":[8.25,1.875,7.5,2.375],"tintindex":0,"rotation":0,"texture":"#0"}}},{"from":[6.1,-5.0,8.0],"to":[18.1,5.0,18.0],"faces":{"east":{"uv":[7.0,6.5625,7.625,7.1875],"tintindex":0,"rotation":0,"texture":"#0"},"south":{"uv":[9.0,6.5625,9.75,7.1875],"tintindex":0,"rotation":0,"texture":"#0"},"north":{"uv":[7.625,6.5625,8.375,7.1875],"tintindex":0,"rotation":0,"texture":"#0"},"west":{"uv":[8.375,6.5625,9.0,7.1875],"tintindex":0,"rotation":0,"texture":"#0"},"up":{"uv":[8.375,6.5625,7.625,5.9375],"tintindex":0,"rotation":0,"texture":"#0"},"down":{"uv":[9.125,5.9375,8.375,6.5625],"tintindex":0,"rotation":0,"texture":"#0"}}}],"display":{"head":{"rotation":[0.0,0.0,0.0]},"firstperson_righthand":{"rotation":[0.0,0.0,0.0]},"thirdperson_lefthand":{"rotation":[0.0,-0.0,-0.0]},"firstperson_lefthand":{"rotation":[0.0,-0.0,-0.0]},"fixed":{"rotation":[0.0,0.0,0.0]},"ground":{"rotation":[0.0,0.0,0.0]},"thirdperson_righthand":{"rotation":[0.0,0.0,0.0]},"gui":{"rotation":[-150.0,-45.0,180.0]}}}