{"textures":{"0":"modelengine:entity/warden2","particle":"#0"},"elements":[{"from":[4.0,-7.999998,4.0],"to":[12.0,8.0,12.0],"faces":{"east":{"uv":[7.75,4.6875,8.25,5.6875],"tintindex":0,"rotation":0,"texture":"#0"},"south":{"uv":[9.25,4.6875,9.75,5.6875],"tintindex":0,"rotation":0,"texture":"#0"},"north":{"uv":[8.25,4.6875,8.75,5.6875],"tintindex":0,"rotation":0,"texture":"#0"},"west":{"uv":[8.75,4.6875,9.25,5.6875],"tintindex":0,"rotation":0,"texture":"#0"},"up":{"uv":[8.75,4.6875,8.25,4.1875],"tintindex":0,"rotation":0,"texture":"#0"},"down":{"uv":[9.25,4.1875,8.75,4.6875],"tintindex":0,"rotation":0,"texture":"#0"}}},{"from":[0.0,-3.999998,8.0],"to":[4.0,8.0,8.0],"faces":{"south":{"uv":[6.125,7.8125,6.375,8.5625],"tintindex":0,"rotation":0,"texture":"#0"},"north":{"uv":[5.875,7.8125,6.125,8.5625],"tintindex":0,"rotation":0,"texture":"#0"}}}],"display":{"head":{"rotation":[0.0,0.0,0.0]},"firstperson_righthand":{"rotation":[0.0,0.0,0.0]},"thirdperson_lefthand":{"rotation":[0.0,-0.0,-0.0]},"firstperson_lefthand":{"rotation":[0.0,-0.0,-0.0]},"fixed":{"rotation":[0.0,0.0,0.0]},"ground":{"rotation":[0.0,0.0,0.0]},"thirdperson_righthand":{"rotation":[0.0,0.0,0.0]},"gui":{"rotation":[-150.0,-45.0,180.0]}}}