{"textures":{"0":"modelengine:entity/warden2","particle":"#0"},"elements":[{"from":[-4.0,-8.0,8.0],"to":[0.0,8.0,8.0],"faces":{"south":{"uv":[3.0,6.5,3.25,7.5],"tintindex":0,"rotation":0,"texture":"#0"},"north":{"uv":[2.75,6.5,3.0,7.5],"tintindex":0,"rotation":0,"texture":"#0"}}},{"from":[0.0,-8.0,4.0],"to":[8.0,8.0,12.0],"faces":{"east":{"uv":[2.0,8.25,2.5,9.25],"tintindex":0,"rotation":0,"texture":"#0"},"south":{"uv":[3.5,8.25,4.0,9.25],"tintindex":0,"rotation":0,"texture":"#0"},"north":{"uv":[2.5,8.25,3.0,9.25],"tintindex":0,"rotation":0,"texture":"#0"},"west":{"uv":[3.0,8.25,3.5,9.25],"tintindex":0,"rotation":0,"texture":"#0"},"up":{"uv":[3.0,8.25,2.5,7.75],"tintindex":0,"rotation":0,"texture":"#0"},"down":{"uv":[3.5,7.75,3.0,8.25],"tintindex":0,"rotation":0,"texture":"#0"}}}],"display":{"head":{"rotation":[0.0,0.0,0.0]},"firstperson_righthand":{"rotation":[0.0,0.0,0.0]},"thirdperson_lefthand":{"rotation":[0.0,-0.0,-0.0]},"firstperson_lefthand":{"rotation":[0.0,-0.0,-0.0]},"fixed":{"rotation":[0.0,0.0,0.0]},"ground":{"rotation":[0.0,0.0,0.0]},"thirdperson_righthand":{"rotation":[0.0,0.0,0.0]},"gui":{"rotation":[-150.0,-45.0,180.0]}}}