{"textures":{"0":"modelengine:entity/warden2","particle":"#0"},"elements":[{"from":[-7.0,8.0,4.0],"to":[23.0,32.0,24.0],"faces":{"east":{"uv":[0.0,1.25,1.25,2.75],"tintindex":0,"rotation":0,"texture":"#0"},"south":{"uv":[4.375,1.25,6.25,2.75],"tintindex":0,"rotation":0,"texture":"#0"},"north":{"uv":[1.25,1.25,3.125,2.75],"tintindex":0,"rotation":0,"texture":"#0"},"west":{"uv":[3.125,1.25,4.375,2.75],"tintindex":0,"rotation":0,"texture":"#0"},"up":{"uv":[3.125,1.25,1.25,0.0],"tintindex":0,"rotation":0,"texture":"#0"},"down":{"uv":[5.0,0.0,3.125,1.25],"tintindex":0,"rotation":0,"texture":"#0"}}},{"from":[-3.0,0.0,4.0],"to":[19.0,8.0,24.0],"faces":{"east":{"uv":[0.0,4.0,1.25,4.5],"tintindex":0,"rotation":0,"texture":"#0"},"south":{"uv":[3.875,4.0,5.25,4.5],"tintindex":0,"rotation":0,"texture":"#0"},"north":{"uv":[1.25,4.0,2.625,4.5],"tintindex":0,"rotation":0,"texture":"#0"},"west":{"uv":[2.625,4.0,3.875,4.5],"tintindex":0,"rotation":0,"texture":"#0"},"up":{"uv":[2.625,4.0,1.25,2.75],"tintindex":0,"rotation":0,"texture":"#0"},"down":{"uv":[4.0,2.75,2.625,4.0],"tintindex":0,"rotation":0,"texture":"#0"}}}],"display":{"head":{"rotation":[0.0,0.0,0.0]},"firstperson_righthand":{"rotation":[0.0,0.0,0.0]},"thirdperson_lefthand":{"rotation":[0.0,-0.0,-0.0]},"firstperson_lefthand":{"rotation":[0.0,-0.0,-0.0]},"fixed":{"rotation":[0.0,0.0,0.0]},"ground":{"rotation":[0.0,0.0,0.0]},"thirdperson_righthand":{"rotation":[0.0,0.0,0.0]},"gui":{"rotation":[-150.0,-45.0,180.0]}}}